title,flair
"Gordon Mah Ung, PCWorld editor and renowned hardware journalist, dies at 58",Hardware
Exposed: Engineers ‘locked in factory’ to finish ‘unsafe’ electric car,Business
Russia mulls blocking WhatsApp in 2025,Politics
Your Next Laptop Might Be Thinner and Quieter Thanks to This Fanless Cooler,Hardware
38th Chaos Communication Congress Infos,Society
Interview with Microchess creator Peter Jennings,Software
Chinese workers found in ‘slavery-like conditions’ at BYD construction site in Brazil,Business
How Google Maps Makes It Harder for Palestinians to Navigate the West Bank,Transportation
Mastodon Annual Report 2023,Social Media
AI Agents Will Be Manipulation Engines | Surrendering to algorithmic agents risks putting us under their influence.,Artificial Intelligence
"Google to court: we’ll change our Apple deal, but please let us keep Chrome.",Business
People keep falling for fake 'drones over Jersey' videos | It's never been easier to make AI-generated spoofs.,Artificial Intelligence
Walmart sued over illegally opening bank accounts for delivery drivers.,Transportation
Mighty radio bursts linked to massive galaxies,Space
Roblox gaming site banning preteens from social media options after complaints they lead to child abuse including pedophilia.,Social Media
WhatsApp wins legal victory against NSO Group in Pegasus hacking case — Judge finds no merit in arguments made by Israeli spyware manufacturer,Security
US Launches Probe Into Chinese Semiconductor Industry,Hardware
Retro gamers save one of the last 45-inch CRT TVs in existence. 440-pound 1980s behemoth rescued from an Osaka restaurant days before demolition.,Hardware
"Microsoft works to add non-OpenAI models into 365 Copilot products, sources say",Artificial Intelligence
"PayPal Honey has been caught poaching affiliate revenue, and it often hides the best deals from users | Promoted by influencers, this popular browser extension has been a scam all along",Software
Google Search Changes Are Killing Websites in an Age of AI Spam,Software
Consumer protection board sues Walmart and fintech firm over gig-worker driver pay access,Business
YouTube’s Anorexia Algorithm ,Society
OpenAI Gives Plus Users Unlimited Access to Sora Over the Holidays,Artificial Intelligence
Many Americans have come to rely on Chinese-made drones. Now lawmakers want to ban them,Hardware
"China refused investigation into ship linked to severed Baltic cables, says Sweden",Networking/Telecom
Apple on the Brink: Approaching a Historic $4 Trillion Valuation Amid AI Momentum,Business
"U.S. gov't launches probe into ongoing China dominance of legacy semiconductor market amid concerns of Chinese vendors flooding the market | Legacy chips are manufactured using older, less advanced production processes",Politics
Boy 'Fighting for His Life' After Being Injured as Drones Fell from the Sky During Florida Holiday Show,Society
5 biggest Linux and open-source stories of 2024: From AI arguments to security close calls,Software
Netflix Boss Ted Sarandos Bends the Knee to Trump With Mar-a-Lago Visit,Politics
Government to Name ‘Key Witness’ Who Provided FBI With Backdoored Encrypted Chat App Anom,Security
"Report: Apple's App Store Hosting Hundreds of Inappropriate Apps Rated Safe for Children. Children under twelve can freely download weight loss and fasting trackers and AI girlfriend apps on the App Store, the report claims.",Software
"Social media firings, anti-union contracts, and corporate surveillance: are employers our biggest threat to free speech?",Society
Nissan and Honda start merger talks to take on Tesla and create the world's 3rd largest car company,Business
CERN's Large Hadron Collider finds the heaviest antimatter particle yet,Space
Misinformation and online threats after US CEO slaying ,Society
Discord sued by users claiming Nitro subscription is too difficult to cancel,Social Media
"Engineers achieve quantum teleportation over active internet cables | ""This is incredibly exciting because nobody thought it was possible""",Networking/Telecom
North Korean Lazarus hackers are targeting nuclear workers | Two workers in the same company targeted in a timespan of less than a month,Security
Fining Big Tech isn't working. Make them give away illegally trained LLMs as public domain,Artificial Intelligence
Biological computers could use far less energy than current technology,Biotechnology
The New Climate Gold Rush: Scrubbing Carbon From the Sky,Business
"Inappropriate apps rated as safe for young children are prevalent in the App Store, report warns | In a 24-hour review period, child safety groups found over 200 “risky” apps rated as appropriate for kids 12 and under.",Software
"Mossad spent over a decade orchestrating walkie-talkie plot against Hezbollah — while weaponized pagers, developed in 2022, were promoted with fake ads on YouTube",Security
"Samsung, Amkor, and TI finalize CHIPS deals: 2nm and advanced packaging coming to U.S.",Business
X raises Premium Plus subscription pricing by almost 40 percent,Social Media
"Honda, Nissan inform Japan gov't of planned merger talks",Transportation
"X jacks up Premium+ prices 37.5%, hits some markets harder",Social Media
Breakthrough Brings Body-Heat Powered Wearable Devices Closer to Reality,Hardware
'United Healthcare' Using DMCA Against Luigi Mangione Images Which Is Bizarre &amp; Wildly Inappropriate ,Business
"Holding back China's chipmaking progress is a fool’s errand, says U.S. Commerce Secretary",Hardware
US shoots down two of its own navy pilots over Red Sea in ‘apparent friendly fire’ incident,Politics
"The Race to Translate Animal Sounds Into Human Language | With big cash prizes at stake—and AI supercharging research—interspecies translation is closer than ever. But what, if anything, would animals want to tell us?",Machine Learning
Teens using VPN to cheat in Gorilla Tag are unknowingly selling their internet connections | Cheaters become unwitting accomplices to hackers,Security
Russian cosmonauts install new X-ray detector during ISS spacewalk,Space
Trump muses about keeping TikTok “around for a little while”,Social Media
OpenAI trained o1 and o3 to 'think' about its safety policy,Artificial Intelligence
Tetsuwan Scientific is making robotic AI scientists that can run experiments on their own,Artificial Intelligence
Palantir and Anduril join forces with tech groups to bid for Pentagon contracts — Consortium likely to include SpaceX in move to grab a bigger slice of $850bn US defence budget,Security
Study finds 75% of Facebook shares are made without reading the content,Social Media
All of Canoo’s employees are reportedly on a ‘mandatory unpaid break’,Business
Chinese ship may have tried to sabotage undersea cables before,Networking/Telecom
2024 Open Source Software Funding Report,Software
"Before BYD Taps into S.Korea in January, S.Korean Official Says Anti-subsidy Probe on Chinese EVs Likely ",Politics
Japan to order Google to stop violating antitrust law: sources,Business
Engineers enable quantum communication over existing fiber optic cables — new research shows data transmission using quantum teleportation is possible in parallel with a classical network at specific wavelengths | And it does not violate the laws of physics.,Networking/Telecom
"Albania to ban TikTok for one year, blaming it for inciting youth violence and bullying ",Social Media
Zelle and major banks face $870 million lawsuit over alleged fraud losses | Lawsuit comes after lawmakers began pressuring Zelle to start refunding fraud victims last year,Business
It's AI Versus the World's Largest Tuberculosis Epidemic. An Indian group has built tools to help with diagnosis and treatment,Artificial Intelligence
Tesla's staggering rally - and why it might not last,Business
Apple is working on a doorbell camera with Face ID,Security
"""Copper’s Time Has Run Out"": Nvidia, AMD And TSMC Have Invested Millions In A Startup Which May Hold The Key To Faster Chip Connectivity To Quench AI's Thirst For Bytes",Hardware
Ukraine’s First All-Robot Assault Force Just Won Its First Battle,ADBLOCK WARNING
Climate tech startup aims to store carbon in oceans and reshape the energy sector,Energy
"Apple must ensure interoperability of iPhone with rivals, says European Commission",Software
Italy fines OpenAI 15 million euros over privacy rules breach,Artificial Intelligence
Google’s counteroffer to the government trying to break it up is unbundling Android apps,Business
Arm will seek a new trial against Qualcomm,Business
"TikTok’s annual carbon footprint is likely bigger than Greece’s, study finds",Energy
ChatGPT preferred over in-person lessons as language learning method among young Japanese ,Artificial Intelligence
Saudi Arabia Taps Aramco Oil Field Brine in Lithium Battery Push.,Energy
OpenAI whistleblower who died was being considered as witness against company,Artificial Intelligence
Charmast Power Banks Recalled Due to Fire and Burn Hazards; Sold by Charmast Exclusively on Amazon.com,Hardware
Google asks federal judge to take ‘caution’ while crafting monopoly remedy,Business
"AirPods sales totaled over $18 billion last year, more than all of Nintendo | Earbuds likely to become Apple's 3rd biggest product behind iPhone and Mac",Business
"US senators call out execs at Ford, GM, Tesla et al. for opposing right to repair — The bipartisan group says automakers are hypocrites motivated by profits and not privacy protection",Transportation
"UK arts and media reject plan to let AI firms use copyrighted material | Coalition of musicians, photographers and newspapers insist existing copyright laws must be respected",Society
CQ Roll Call staffers file NLRB complaint over return-to-office mandate,Business
Amazon delays return-to-office mandate for thousands of workers due to space,Business
"‘Yes, I am a human’: bot detection is no longer working – and just wait until AI agents come along",Artificial Intelligence
Albania bans TikTok for a year after killing of teenager,Social Media
"But his emails? Team Trump’s private emails spark concerns – Eight years after targeting Hillary Clinton's email protocols, Trump's transition team is relying on private servers instead of secure government accounts.",Security
"Botnet of 190,000 BadBox-Infected Android Devices Discovered",Society
"I tested the viral 'tangle-free' USB-C cable, and it's my new travel essential",Hardware
Intel ex-CEO Gelsinger and current co-CEO slapped with lawsuit over Intel Foundry disclosures — plaintiffs demand Gelsinger surrender salary earned,Business
Apple's 5G Expansion Plans,Hardware
Apple's next Giant Foldable iPad,Hardware
Ray-Ban Meta AI Upgrade,Artificial Intelligence
Digital twins of human organs are here. They’re set to transform medical treatment.,Biotechnology
Yulia Navalnaya urges Google to fight YouTube shutdown in Russia,Politics
The Next Great Leap in AI Is Behind Schedule and Crazy Expensive,Artificial Intelligence
Tennis organizations use artificial intelligence to identify cyberbullies,Society
Self-proclaimed Bitcoin inventor sentenced for contempt of court after launching $1.2 trillion lawsuit,Crypto
LockBit Ransomware Developer Arrested in Israel,Security
China's CXMT begins producing DDR5 memory — first China-made DDR5 sticks reportedly aimed at consumer PCs,Hardware
Lawmakers sound alarm over TSA facial recognition technology,Privacy
First demonstration of quantum teleportation over a fiber optic cable already carrying Internet traffic. Advance opens door for secure quantum applications without specialized infrastructure.,Networking/Telecom
Death Of A Forum: How The UK’s Online Safety Act Is Killing Communities,Net Neutrality
"Honda, Nissan to consider building vehicles at each other's plants",Transportation
Japan targets 40-50% power supply from renewables by 2040,Energy
"Worldcoin Must Delete All Iris Scanning Data From Users in Spain, Germany",Privacy
Google CEO Sundar Pichai says search giant has slashed manager roles by 10% in efficiency drive,Business
Tech antitrust is about to get really weird | President-elect Donald Trump’s second term is a regulatory wild card hanging over Big Tech,Business
Startup set to brick $800 kids robot is trying to open source it first | Most owners still won't be refunded for the emotional support toy.,Robotics/Automation
US judge finds Pegasus spyware maker liable over WhatsApp hack,Privacy
S. Korea to launch 3rd homegrown military spy satellite ,Space
U.S. finalizes US$4.7 bln in CHIPS Act subsidy to Samsung Electronics ,Business
5 actually good things that happened in technology this year,Society
"When the Feds Are Still Watching. Former Black Panthers fear the FBI is still keeping tabs on them decades after COINTELPRO. In at least one case, they were right.",Privacy
"The promise and warning of Truth Terminal, the AI bot that secured $50,000 in bitcoin from Marc Andreessen",Artificial Intelligence
New Anthropic study shows AI really doesn’t want to be forced to change its views,Artificial Intelligence
"Bluesky could become target of foreign disinformation, experts warn",Social Media
The Gov't Is Shutting Down Because Musk Has Factories In China,Politics
Pornhub to block access in Florida amid lawsuit over state’s age verification law,Politics
"Qualcomm processors properly licensed from Arm, US jury finds",Business
Misinformation in South Korea soars during and after martial law declaration ,Social Media
This waterproof case will keep an AirTag alive for a decade,Hardware
The European Pirate Party endorses the ‘Stop Destroying Videogames’ European Citizens’ Initiative as the first European political party to do so,Politics
"Plant-animal hybrid cells make solar-powered tissues, organs or meat",Biotechnology
Feds clear the way for robotaxis without steering wheels and pedals,Transportation
Sony says the GPU in the PS5 Pro is mostly very old tech but previews the ray-tracing upgrades from future RDNA 4 graphics for PCs | Backwards compatibility means PS5 Pro is mostly RDNA 2.,Hardware
"Rest assured that Qi2 does require magnets, WPC clarifies",Hardware
Three of the biggest US banks are facing a lawsuit for ‘widespread fraud’ on Zelle,Business
CFPB sues America's largest banks for 'allowing fraud to fester' on Zelle,Business
"US plans to blacklist company that ordered TSMC chip found in Huawei processor, source says",Hardware
"Packed Cubicles, Empty Corner Office: Remote Work Is Increasingly a Right of the Rich",Society
German watchdog orders Sam Altman’s biometric ID project World to delete data,Privacy
Hundreds of small websites may shut down due to UK's Online Safety Act,Net Neutrality
Ascension: Health data of 5.6 million stolen in ransomware attack,Security
Certain type of gaming provides “substantial benefits” to mental well-being,Society
Apple Complains Meta Requests Risk Privacy in Spat Over EU Efforts to Widen Access to IPhone Tech,Business
Rivian executives accused of harassment in previously unreported lawsuits,Business
VPN used for VR game cheat sells access to your home network,Privacy
"""Spotify and the ghost label""",Society
New Swiss Re study: Waymo is safer than even the most advanced human-driven vehicles,Transportation
Netflix will stream the Women’s World Cup in 2027 and 2031,Business
IBM's new enterprise AI models are more powerful than anything from OpenAI or Google,Artificial Intelligence
Automattic vs WP Engine: WordPress wars heat up,Software
Apple Teams Up With NVIDIA To Speed Up AI Language Models,Artificial Intelligence
"As firms abandon VMware, Broadcom is laughing all the way to the bank",Business
Humanoid robots being mass produced in China,Artificial Intelligence
EU Approves Nvidia's Acquisition Of Run:AI,Artificial Intelligence
Batman: Arkham Shadow Proves VR Gaming Isn't Just a Gimmick,Hardware
"US temporarily bans drones in parts of NJ, may use “deadly force” against aircraft",Hardware
European start-up Ōura valuation leaps to $5.2bn. The Finnish company’s growing popularity has led to its sales more than doubling this year,Society
Motorola phones could be banned in the US after judge issues ruling,Security
LG’s transparent TV costs more than a car,Hardware
Senators rip into automakers for selling customer data and blocking right to repair,Privacy
"Tesla recalls 700,000 vehicles over tire pressure warning failure",Transportation
TP-Link - Our Security Commitment,Security
"New physics sim trains robots 430,000 times faster than reality | ""Genesis"" can compress training times from decades into hours using 3D worlds conjured from text.",Artificial Intelligence
Only 15% of all Steam users' time was spent playing games released in 2024,Society
Google CEO Sundar Pichai updates on job cuts in town hall: 10% management roles cut and other changes,Business
Journalism group urges Apple to disable AI summaries after fake headline incident | Apple has yet to respond,Artificial Intelligence
Even Netflix struggles to identify and understand the cost of its AWS estate,Business
Google urges federal judge to toss data privacy suit by health care patients,Privacy
What happens when the internet disappears?,Artificial Intelligence
Mainland China autonomous vehicle development on a different track,Robotics/Automation
Is Matt Mullenweg the Mad King of WordPress?,Business
"Arizona School’s Curriculum Will Be Taught by AI, No Teachers",Artificial Intelligence
Baby Steps Toward 3D DRAM,Hardware
New Gmail Security Warning For 2.5 Billion—Second Attack Wave Incoming,ADBLOCK WARNING
Forget Chrome—Google Starts Tracking All Your Devices In 8 Weeks,ADBLOCK WARNING
"Every AI Copyright Lawsuit in the US, Visualized ",Artificial Intelligence
"Many Videos That Purport to Show Drones in New Jersey Likely Show Planes, Visual Analysis Finds",Transportation
China’s TCL overtakes Samsung in premium market for ultra-large TVs,Business
US mulls TP-Link routers ban on national security concerns,Security
"Sask. appeal court gives 2 thumbs up to decision that emoji is contractually binding | 1 appeal judge dissented, stating thumbs-up image did not meet signature requirements",Business
Trump is on collision course with EU over Big Tech crackdown,Politics
"TP-Link Routers Could Be Banned In the Next Year, Affecting Nearly 65% of Internet Users in the US",Politics
Hyundai Is Becoming the New Tesla,Transportation
Amazon to settle dispute with delivery drivers over claims worth potential £140m,Business
"Massive data breach at federal credit union exposes 240,000 members",Security
Cops bust picket line in New York as Teamsters strike at seven Amazon warehouses,Business
How to tell if a USB cable is hiding malicious hacker hardware,Hardware
Feds Warn SMS Authentication Is Unsafe After ‘Worst Hack in Our Nation’s History’,Security
Valve will be Lenovo’s ‘special guest’ at just-announced gaming handheld event,Business
"The FAA is banning drones in parts of NJ after thousands of mystery sightings | The temporary flight restriction covers 22 New Jersey towns, including Jersey City, Elizabeth, and Camden.",Society
AI learns to distinguish between aromas of US and Scottish whiskies,Artificial Intelligence
North Korea-linked hackers accounted for 61% of all crypto stolen in 2024,Crypto
Boeing Starliner astronauts stuck at International Space Station must delay return to Earth yet again,Space
"Samsung, Hyundai Motor eye tech alliance on autonomous vehicle chips - KED Global",Hardware
Amazon workers strike at seven US sites during year's busiest period,Business
Improved Meta Ray-Ban smart glasses could land in 2025 – with a much requested upgrade,Hardware
Google Street View Images Lead Police to a Murder Suspect. Pro tip: Make sure you don't load a body into a trunk when a Street View car is driving by.,Society
New York enacts laws curbing harmful social media algorithms for users under 18,Social Media
The delusion of Amazon Haul | Amazon’s new ultracheap discount store looks a lot like Temu. And Shein. And AliExpress.,Business
"New Research Shows AI Strategically Lying | The paper shows Anthropic’s model, Claude, strategically misleading its creators during the training process in order to avoid being modified.",Artificial Intelligence
Wind power generation hits second record in matter of days,Energy
US government urges high-ranking officials to lock down mobile devices following telecom breaches,Security
Microsoft really wants users to ditch passwords and switch to passkeys,Security
‘World’s first’ grid-scale nuclear fusion power plant announced in the US,Energy
Microsoft confirms ads for Call of Duty: Black Ops 6 in Windows 11 — here's how to turn them off,Software
DJI evades US block but has one year to prove its products aren't a national security threat | A clause in the $895 billion US Defense Bill starts a one-year countdown that would automatically ban its products.,Politics
Apple Reportedly Abandons Plan for iPhone-as-a-Subscription | The now-dead plan was for people to pay a monthly fee to get a new iPhone every year.,Business
Putin says Google is a tool used by the United States,Privacy
Teamsters union launches historic nationwide strike against Amazon,Business
Czech Government Approves National Climate and Energy Plan,Energy
"Apple pushes back on Meta's requests, cites alarming privacy concerns",Privacy
The Energy Giant Using Southern Yellow Pine to Power Data Centres,Artificial Intelligence
Malicious ads push Lumma infostealer via fake CAPTCHA pages,Security
"Sony is now FromSoftware owner Kadokawa's largest shareholder | Forming a ""strategic capital and business alliance"".",Business
Amazon’s RTO delays exemplify why workers get so mad about mandates | Amazon lacks space to accommodate its entire workforce.,Business
We May Be on the Brink of Finding the Real Planet Nine,Space
Steve Harvey Death Hoax: AI-Generated Article Allegedly to Blame,Artificial Intelligence
Chinese cybersecurity centre accuses US of hacking and stealing tech secrets,Security
Florida to lose PornHub access,Politics
"Apple in talks with Tencent, ByteDance to roll out AI features in China, sources say",Artificial Intelligence
US chemists debunk 100-year-old Bredt’s Rule to change organic chemistry forever,Nanotech/Materials
"Grubhub to pay $25 million for misleading customers, restaurants, drivers",Business
Microsoft Stops Updates For Millions Of Windows Users— It  breaks your games,ADBLOCK WARNING
"Google Street View Captures a Man Loading a Bag Into a Trunk. Arrests Follow.
",Privacy
"The two best-selling consoles in US history are officially both Nintendo, as the Switch bumps the PS2 down to third place | Nintendo's affordability strikes again",Hardware
An Android phone maker just topped Apple in wearables (and it's not Samsung),Hardware
The Edgelord AI That Turned a Shock Meme Into Millions in Crypto | Truth Terminal started as a techno-modernist art project meant to invite discussion about the applications and potential dangers of autonomous AI agents. Then it took on a life of its own.,Artificial Intelligence
"In display of fealty, tech industry curries favor with Trump — The $1 million donations came gradually, and then all at once. Meta. Amazon. OpenAI’s Sam Altman. Uber and its CEO.",Business
Harvard Is Releasing a Massive Free AI Training Dataset Funded by OpenAI and Microsoft,Artificial Intelligence
'FCC has no business threatening to take away broadcast licenses': Outgoing commissioner Jessica Rosenworcel,Networking/Telecom
New microscopy technique could enable rapid tumor analysis in the operating room,Biotechnology
"Balcony solar panels can save 30% on a typical household’s electricity bill and, with vertical surface area in cities larger than roof space, the appeal is clear",Energy
What WordPress users need to know about the Automattic and WP Engine conflict,Software
Tracker firm Hapn spilling names of thousands of GPS tracking customers,Privacy
EPA allows California to ban gas-powered new car sales by 2035,Transportation
Almost a million ConnectOnCall users may have had data stolen by hackers | Healthcare tech has suffered a huge breach,Security
"U.S. tech continues to power Russian weapons despite export controls, Senate Democrats find",Business
"‘The work damaged me’: ex-Facebook moderators describe effect of horrific content | Former workers at Samasource say violent, graphic and sexually explicit videos left them fearful to go outside",Social Media
"Microsoft Bought Nearly 500,000 Nvidia Hopper Chips This Year",Hardware
"US government tells officials, politicians to ditch regular calls and texts",Politics
"RealPage pricing software adds billions to rental costs, says White House — Renters in the U.S. spent an extra $3.8 billion last year allegedly due to landlords’ price coordination",Software
Who needs the dark web? Drug sales flourish on social media,Social Media
This TikTok account pumped out fake war footage with AI — until CBC News investigated,Society
"Flipboard launches Surf, a new app that YOU can't access 'cause you're not one of the cool kids.",Social Media
The Kids Online Safety Act’s last stand,Politics
"Trump to block the government and military from buying EVs | Trump's attack on clean vehicles to be bigger than thought, says report.",Transportation
Broward judge dons virtual reality headset in what’s thought to be a courtroom first,Politics
"Sam Altman-backed nuclear startup Oklo lands massive data center power deal, with caveats",Business
Cohere is quietly working with Palantir to deploy its AI models,Security
Supreme Court to hear challenge to banning TikTok in the United States,Social Media
What does Big Tech hope to gain from warming up to Trump?,Politics
US government set to approve spending $3 billion to remove Chinese telecoms equipment,Networking/Telecom
U.S. Supreme Court will hear arguments over TikTok divestment law,Social Media
SpaceX's Starship Flight 7 test flight gets FAA launch license. But when will it fly?,Space
Researchers discover new third class of magnetism that could transform digital devices,Hardware
Here’s what a blockbuster Nissan-Honda merger could mean for the auto industry,Transportation
More than 140 Kenya Facebook moderators sue after diagnoses of severe PTSD,Social Media
Elevated levels of 'forever chemicals' found in several smartwatch wrist bands,Society
Feeling at home? New app lets US homebuyers see neighbors’ politics,Politics
AT&amp;T is dumping hybrid work as it follows Amazon in demanding employees spend 5 days a week in office,Business
"Another major US hospital hacked, data on 1.4 million patients leaked",Security
Threads starts testing scheduled posts,Business
Grubhub pays $25 million for allegedly tricking customers and lying to drivers,Business
TP-Link routers could be banned in the US over national security concerns,Society
Boxing is open to experimentation: Usyk2Fury fight will be monitored by AI referee,Society
This TikTok account pumped out fake war footage with AI — until CBC News investigated,Artificial Intelligence
The Truth About AI: It’s Only As Smart As The Data We Feed It,ADBLOCK WARNING
"ZOTAC confirms GeForce RTX 5090 with 32GB GDDR7 memory, 5080 and 5070 series listed as well",Hardware
"YouTube Sues Gan Jing World, Accusing Video Site of ‘Stealing’ Content to ‘Create a Clone of YouTube.’ The lawsuit alleges the site has been “automatically vacuuming up YouTube user channels and associated content from YouTube.”",Social Media
Russia plans EUV chipmaking tools that it says will be cheaper and easier to build than ASML's — country outlines new roadmap to smaller chips,Hardware
"World’s first Fertilo baby born, eggs mature outside body with stem cell tech | Fertilo offers a faster, safer, and more accessible alternative to conventional IVF, with fewer hormone injections and a reduced treatment cycle.",Biotechnology
"Supreme Court squashes Big Telecom's attempt to avoid New York State's low-income price regulation | Law mandates affordable internet plans for low-income households, capping rates at $15 and $20",Politics
"BBC News: How Facebook restricted news from Palestinian territories
",Social Media
"AT&amp;T Hits Texas Man With $6,000 Bill for Using 3GB of Data",Networking/Telecom
UK consults on proposals to give creative industries and AI developers clarity over copyright laws,Artificial Intelligence
A Third Person Has Received a Transplant of a Genetically Engineered Pig Kidney,Biotechnology
Verizon and Nvidia Unveil AI-Powered Private 5G Network Solution for Enterprises,Artificial Intelligence
"Bridgy Fed, a project to connect the open social web, is now becoming a nonprofit",Software
Biden Set to Announce Chinese Semiconductor Probe: Bloomberg News,Politics
ACLU and Partners Urge Supreme Court to Block TikTok Ban,Social Media
Japanese startup Space One fails to launch rocket for 2nd time,Space
How Facebook restricted news in Palestinian territories,Social Media
A national effort seeks to advance semiconductor research,Hardware
Nissan shares surge 22% after media reports on potential merger with Honda,Business
Trump security advisor urges offensive cyberattacks on China,Security
"Salesforce will hire 2,000 people to sell AI products, CEO Marc Benioff says",Business
"AI poses threat to North American electricity grid, watchdog warns",Energy
"How OpenAI Hopes to Sever Its Nonprofit Roots | As the maker of ChatGPT battles Google and Meta for A.I. supremacy, it’s also fighting to end control by a nonprofit board.",Business
Pornhub will block access for Floridians on Jan. 1,Business
Elon Musk and SpaceX face federal reviews after violations of security reporting rules,Security
Germany’s auto giants were already reeling. Now Trump wants to turn them into American companies,Transportation
The Words That Stop ChatGPT in Its Tracks,Artificial Intelligence
Companies issuing RTO mandates “lose their best talent”: Study,Business
Infosys co-founder repeats calls for a 70-hour work week,Business
Tech executive found guilty for murder of Cash App founder Bob Lee,Business
Amazon commits another $10 billion to Ohio data centers amid questions about energy costs and supply,Hardware
The solar rush: a planet-wide solar boom has been beating expectations at every turn. And it’s only just the beginning.,Energy
NVIDIA Unveils Its Most Affordable Generative AI Supercomputer,Artificial Intelligence
"Microsoft CEO Satya Nadella says ""Google makes more money on Windows than all of Microsoft"" due to its dominance in search and distribution",Artificial Intelligence
Honda and Nissan explore merger to navigate uncertain EV future,Business
"A faster, better way to train general-purpose robots",Robotics/Automation
System76 Releases Updated AMD Ryzen Linux Laptop,Hardware
"DHS Says China, Russia, Iran, and Israel Are Spying on People in US with SS7",Security
Big loss for ISPs as Supreme Court won’t hear challenge to $15 broadband law,Networking/Telecom
"2024 Science.org breakthrough of the year winner and the nine runner ups. 
",Society
FTC’s Lina Khan changes everything with ban on hidden junk fees for things like hotels and concert tickets,Business
"FBI spots HiatusRAT malware attacks targeting web cameras, DVRs",Security
Cash App creator Bob Lee’s killer found guilty of second-degree murder,Software
Election-bound Germany braces for Russian disinformation threat,Society
YouTube Partners With CAA to Protect Artists From Unauthorized AI Use,Artificial Intelligence
“Mind blowing:” Battery cell prices plunge in China’s biggest energy storage auction,Energy
Real estate platform lets residents check neighbors' political affilitations,Software
Elon Musk Xmail Teaser Poses New Threat For Billions Of Gmail Users ,Business
TikTok disinformation falsely accuses von der Leyen of cancelling Romania’s presidential run-off,Society
Artificial intelligence improves mammography-based breast cancer risk prediction,Artificial Intelligence
Seagate launches 32TB Exos M hard drive based on HAMR technology – Mozaic 3+ drives are the world’s first generally available HAMR HDDs,Hardware
"FTC issues rules requiring hotels, ticket sellers to reveal ‘junk fees’",Society
Hundreds of websites to shut down under UK’s ‘chilling’ internet laws ,Net Neutrality
"Dexcom’s over-the-counter glucose monitor now offers users an AI summary of how sleep, meals and more impact sugar levels",Business
The FTC is officially banning hidden junk fees from hotel and ticket prices,Business
China’s AI elite rethink their Silicon Valley dream jobs,Artificial Intelligence
Elon Musk Hints at 'Xmail' : A Potential Rival to Gmail and Apple Mail,Business
"LastPass hacked, users see millions of dollars of funds stolen",Site altered title
"In IT? Need cash? Cybersecurity whistleblowers are earning big payouts, in fraud cases brought by the US government",Business
"Trump FCC chair wants to revoke broadcast licenses—the 1st Amendment might stop him | Brendan Carr backs Trump's war against media, but revoking licenses won't be easy.",Society
Waymo robotaxis are coming to Tokyo in 2025 | TechCrunch,Transportation
EU opens investigation into TikTok over election interference,Society
UK proposes letting tech firms use copyrighted work to train AI,Artificial Intelligence
Amazon facing strike threats as Senate report details hidden widespread injuries,Business
Congo files criminal complaints against Apple in Europe over conflict minerals,Hardware
Google Search could soon let you attach and 'ask anything about a file',Software
"Possible ban on Chinese-made drones dismays U.S. scientists | Switching to costlier, less capable drones could impede research on whales, forests, and more",Politics
Meta fined $263M over 2018 security breach that affected ~3M EU users ,Social Media
Nvidia falls deeper into correction territory as Broadcom rally continues,Business
FBI warns Americans to keep their text messages secure: What to know,Security
Minuscule Robots for Targeted Drug Delivery,Biotechnology
"Scammers use gamified tactics to prey on job seekers, FTC reports $220M in losses | Never pay someone offering you a job - is a good rule of thumb",Society
Tesla is having major issue with its self-driving computer inside new cars,Business
Crucial discontinues the popular MX500 SSD to make way for next-gen drives — SATA III SSD retires after seven years,Hardware
Japan drops mantra of reducing nuclear dependency in new draft plan,Energy
A desert festival where robots are the headliner,Space
Shape-changing device helps people with visual impairment perform location task,Hardware
"‘Burning through cash,’ Boston Dynamics lays off 45 employees",Business
Facebook-parent Meta settles with Australia's privacy watchdog over Cambridge Analytica lawsuit,Social Media
We tested the Nvidia App performance problems — games can run up to 15 percent slower with the app,Software
"Blackmagic’s Vision Pro camera is available for pre-order and costs $30,000",Hardware
China's dual 16-core Hygon CPU server rack barely outperforms a quad-core Skylake Core i7-6700HQ mobile CPU in Geekbench AI,Hardware
Meta AI Proposes Large Concept Models (LCMs): A Semantic Leap Beyond Token-based Language Modeling,Artificial Intelligence
"Waymo to begin testing in Tokyo, its first international destination",Transportation
Israeli spyware maker Paragon bought by US private equity giant | TechCrunch,Privacy
Mark Zuckerberg says Threads has more than 100 million daily active users,Social Media
Lfgss shutting down 16th March 2025 (day before Online Safety Act is enforced),Net Neutrality
"Ingram Micro to 'stop doing business' with Broadcom, downgrade to 'limited engagement' on VMware",Business
Will AI Make Universal Basic Income Inevitable?,ADBLOCK WARNING
Trump meets with TikTok CEO as company asks Supreme Court to block ban on app,Politics
TikTok Files Emergency Appeal With Supreme Court Seeking to Block U.S. Ban,Social Media
KOSA is a bad bill. Rearranging the words won’t change that.,Politics
"Tech Leader, AI Visionary, Endlessly Curious Jensen Huang to Keynote CES 2025",Artificial Intelligence
Tesla tops list of brands with highest fatal accident rate in new study,Transportation
Europe’s Starlink competitor is go; 290 IRIS² satellites by 2030 to provide secure connectivity to governmental users as well as private companies and European citizens.,Networking/Telecom
"Texas AG sues Cali tech companies like Instagram, Reddit, Discord",Social Media
"To Log Into WordPress, You Now Have To Agree Pineapple on Pizza Is Good",Business
"AI outrage: Error-riddled Indigenous language guides do real harm, advocates say",Artificial Intelligence
How AI Can Strengthen Our Democracy,Artificial Intelligence
"Balatro dev swings at PEGI for rating it 18+ because of its 'evil playing cards', jokes that he should 'add microtransactions' like EA Sports FC 25 to 'lower that rating to a 3+' | ""If these other games were rated properly, I'd happily accept the weirdo 18+.""",Software
T-Mobile Invites Users to Beta-Test Cellular Starlink Service,Networking/Telecom
Klarna CEO says the company stopped hiring a year ago because AI 'can already do all of the jobs',Business
Most iPhone owners see little to no value in Apple Intelligence so far,Artificial Intelligence
The Technology That Actually Runs Our World | The most dominant algorithms aren’t the ones choosing what songs Spotify serves you,Software
Snapchat is overhauling how influencers earn money on the platform,Social Media
"UK internet watchdog gives social media companies three months to improve safety or face huge fines. Ofcom can issue fines up to $23 million, or 10 percent of a company's global revenue.",Social Media
Music tells the story of our lives – and trusty old Last.fm does it better than gaudy Spotify Wrapped,Software
Lisa Kudrow says Tom Hanks movie Here is ‘an endorsement for AI’,Artificial Intelligence
Researchers develop ultra-thin film to power wearables using body heat,Biotechnology
Florida to spend up to $15 million on school material review technology for DeSantis laws,Politics
"There are 2,000-plus dead rockets in orbit—here’s a rare view of one | A Japanese company becomes the first to approach a piece of space junk in low-Earth orbit.",Space
"Trillions of tons of underground hydrogen could power Earth for over 1,000 years | Geologic hydrogen could be a low-carbon primary energy resource.",Energy
Hackers Can Jailbreak Digital License Plates to Make Others Pay Their Tolls and Tickets,Security
Russia-linked hackers targeted Polish elections with disinformation blitz: report,Politics
Big Tech Will Scour the Globe in Its Search for Cheap Energy,Energy
"Trump transition team plans sweeping rollback of Biden EV, emissions policies",Transportation
"US needs to do more make cyber attackers pay, Trump adviser says ",Security
Samsung and TSMC locked in intense 2nm chip competition,Business
"Serbian police used Cellebrite to unlock, then plant spyware, on a journalist's phone. | TechCrunch",Security
How Faircado is Revolutionizing Second-Hand Shopping with AI,Business
"Instagram’s head says social media needs more context because of AI | In a series of posts, Adam Mosseri reminds users to consider the source before believing others’ posts.",Social Media
Big Tech's New AI Obsession: Agents That Do Your Work for You | AI agents go beyond chatbots. “This is really the rise of digital labor.”,Artificial Intelligence
AI was used to turn a teen's photo into a nude image. Now the teen is fighting for change to protect other kids.,Artificial Intelligence
The Trouble With Searching Google for ‘the Best’,Business
Two arrested after 'hazardous drone operation' near Boston airport,Robotics/Automation
There's a budget GeForce GPU selling in China that not even Nvidia knew it made — RTX 4010 turns out to be a modified RTX A400 workstation GPU,Hardware
Feds are urged to deploy high-tech drone hunters to solve mystery behind sightings,Robotics/Automation
‘I received a first but it felt tainted and undeserved’: inside the university AI cheating crisis,Artificial Intelligence
"As GoFundMe pulls Luigi Mangione fundraisers, another platform is featuring one on its front page",Social Media
"AI Could Be Making Scientists Less Creative | A new study examining 68 million scientific papers shows using AI boosts researchers' careers, but narrows the questions they ask.",Artificial Intelligence
Dual Intel Arc B580 PC Details Shared — They Will Be Used Alongside An Nvidia Titan Xp For Fast FluidX3D Simulations,Hardware
"Ex-Google CEO warns there's a time to consider ""unplugging"" AI systems",Artificial Intelligence
How the Renewable Energy Boom Is Remaking the American West ,Energy
Automakers Thrived in the Pandemic. Many Are Now Struggling.,Transportation
Researchers have developed a new device which will enable small drones to shoot powerful lasers – something once thought impossible,Robotics/Automation
Man who became famous 20 years ago as the 'Star Wars Kid' says your digital shadow shouldn't define you,Social Media
The fintech company that collapsed and took $90 million of people’s life savings with it,Business
"Rhode Island’s online benefits system shuts down after cyberattack | RIBridges gives access to benefits like Medicare and SNAP, as well as to Rhode Island’s healthcare marketplace website",Security
Google's 'Big Sleep' AI Project uncovers real software vulnerabilities,Artificial Intelligence
Microsoft’s Critical Windows Defender Security Vulnerability,ADBLOCK WARNING
"An Epidemic of Vicious School Brawls, Fueled by Student Cellphones",Society
Automakers Thrived in the Pandemic. Many Are Now Struggling.,Transportation
"Teens abandon X and Facebook as TikTok and WhatsApp gain momentum, report",Social Media
The FBI says your texts aren’t secure. Do you need to stop?,Security
New app lets police identify suspects in the street,Security
The New Jersey Drone Mystery May Not Actually Be That Mysterious,Robotics/Automation
"Snapdragon X Elite laptops have high return rates, claims Intel co-CEO",Hardware
Google TV will just not stop finding new places to show you advertising,Privacy
"Tech billionaires Zuckerberg, Bezos and Altman help bankroll Trump's inauguration. What to know",Politics
Spacecraft makes daring approach of metal object in Earth's orbit | Mashable,Space
1 in 6 Congresswomen Targeted by AI-Generated Sexually Explicit Deepfakes,Privacy
Skechers draw backlash for full-page ad in Vogue that reeks of AI. “You actually didn’t save any money because now I hate you”,Artificial Intelligence
"Shape-Shifting Antenna Takes Cue From ""The Expanse."" Inspired by the sci-fi show, the device morphs to suit its signals",Space
B.C. cities turning to AI to speed up housing approvals,Artificial Intelligence
OpenAI Whistleblower Suchir Balaji’s Death Ruled a Suicide,Artificial Intelligence
"Bitcoin gets almost no support from Microsoft shareholders, as AI data scrutiny tops voting",Business
"Porn viewers wanted ‘demure’ tradwife content this year: Pornhub — ‘Tradwife’ searches up 72 percent, while interest in Mormon content specifically had a big increase this year",Society
Google's NotebookLM now lets you talk to its AI podcast hosts | TechCrunch,Artificial Intelligence
Belgium is constructing the world's first artificial island to harness offshore wind,Energy
Apple may be working on a custom AI server chip with Broadcom's help,Business
Yearlong supply-chain attack targeting security pros steals 390K credentials,Security
How Silicon Valley is disrupting democracy,Politics
US to patch loopholes that allow China to buy banned AI GPUs from other countries — new regulations include national quotas on GPU exports and a global licensing system | U.S. wants to set national quotas on GPU exports.,Politics
SpaceX wants to turn its Texas launch site into a city — ‘all with the goal of making South Texas the Gateway to Mars’: Starbase GM,Space
She didn’t get an apartment because of an AI-generated score – and sued to help others avoid the same fate,Artificial Intelligence
Amazon pauses $1bn Microsoft 365 rollout following Russian security concerns,Business
Cyborg cockroaches can now be mass-produced in a robotic factory. Pleasant dreams | South China Morning Post,Robotics/Automation
"Noninvasive imaging method can penetrate deeper into living tissue. Using high-powered lasers, this new method could help biologists study the body’s immune responses and develop new medicines.",Biotechnology
Meta urges California attorney general to stop OpenAI from becoming for-profit,Business
U.S. and China renew science and technology pact amid growing rivalry,Politics
23andMe must secure its DNA databases immediately,Privacy
US court rejects TikTok request to temporarily halt pending US ban,Privacy
"The optical disc onslaught continues, with LG quitting Blu-ray players",Business
Broadcom says VMware is a better money-making machine than it hoped,Business
AI GPU clusters with one million GPUs are planned for 2027 — Broadcom says three AI supercomputers are in the works,Hardware
OpenAI co-founder Ilya Sutskever believes superintelligent AI will be ‘unpredictable’,Artificial Intelligence
"HDMI 2.2 is set to debut at CES 2025 — the new standard brings higher resolutions, refresh rates, and bandwidth",Hardware
"Looking for love and sex on Tinder, soldiers endanger national security",Security
Controversial EU ad campaign on X broke bloc's own privacy rules,Social Media
Tech companies most threatened by Trump are donating to his inauguration fund,Politics
X gains a faster Grok model and a new 'Grok button',Social Media
"Japanese brewery to make space sake, aims for moon next ",Space
Trump to Dine With Apple’s Tim Cook at Mar-A-Lago Friday (Bloomberg),Politics
"Intel's co-CEO claims retailers say Qualcomm-powered PCs have high return rates, points to new competitors with Arm chips coming in 2025",Hardware
AI’s emissions are about to skyrocket even further,Energy
Nvidia Revives LAN Party After 13 Years To Celebrate RTX 50-Series GPU Launch — GeForce LAN 50 Is A 50-Hour LAN Party Across Four Different Cities,Hardware
OpenAI’s legal battle with Elon Musk reveals internal turmoil over avoiding AI ‘dictatorship’,Business
Biden Administration Is Said to Allow California to Ban New Gas-Powered Cars ,Transportation
Court Denies TikTok's Bid to Pause US Ban Set for Jan. 19,Social Media
OpenAI whistleblower found dead in San Francisco apartment,Artificial Intelligence
AI helps Telegram remove 15 million suspect groups and channels in 2024,Social Media
Police are now using AI to transcribe body-camera videos. Civil rights groups have concerns,Artificial Intelligence
BBC says it has complained to Apple over AI-generated fake news attributed to broadcaster. Notifications from a new Apple product falsely suggested the BBC claimed the New York gunman Luigi Mangione had killed himself,Artificial Intelligence
Blumenthal’s Blatant Hypocrisy: Praising Musk’s ‘Free Speech’ Support for Censorial KOSA Bill,Politics
New device produces critical fertilizer ingredient from thin air,Biotechnology
OpenAI whistleblower found dead in San Francisco apartment,Artificial Intelligence
Pika 2.0 launches to let you upload your characters to AI videos,Artificial Intelligence
OpenAI emails show Elon Musk wanted for-profit structure in 2017,Artificial Intelligence
"OpenAI whistleblower found dead in San Francisco apartment. Suchir Balaji, 26, claimed the company broke copyright law",Artificial Intelligence
"Tech moguls Altman, Bezos and Zuckerberg donate to Trump's inauguration fund",Business
Existing EV batteries may last up to 40% longer than expected,Transportation
Amazon workers authorize strike at company's first-ever unionized warehouse,Business
"UnitedHealth’s Optum left an AI chatbot, used by employees to ask questions about claims, exposed to the internet",Artificial Intelligence
Landmark Law Prohibits Health Insurance Companies from Using AI to Deny Healthcare Coverage,Artificial Intelligence
Naloxone is a highly effective antidote to Canada’s toxic drug crisis. Here’s how it works,Biotechnology
Waymo’s robotaxis pass the first responder test,Robotics/Automation
BBC complains to Apple over misleading shooting headline,Artificial Intelligence
Apple and Google instructed by House committee to prepare to dump TikTok next month,Politics
Microsoft Confirms Password Deletion For 1 Billion Users—Attacks Up 200%,ADBLOCK WARNING
A third of humanity plays video games. This is what it means for the planet.,Energy
"The US military is now talking openly about going on the attack in space | ""We have to build capabilities that provide our leadership offensive and defensive options.""",Space
Tumblr adds Reddit-like ‘communities’,Social Media
X's Last-Minute Update to the Kids Online Safety Act Still Fails to Protect Kids—or Adults—Online,Politics
OpenAI’s Altman will donate $1 million to Trump’s inaugural fund,Politics
Bluesky Hits 25M Users As Exodus From X Continues,Social Media
Don’t use crypto to cheat on taxes: Bitcoin bro gets 2 years,Crypto
"Microsoft Recall is capturing screenshots of sensitive information like credit card and social security numbers | Privacy nightmare is very real, and perfectly avoidable if you disable the feature for good",Privacy
Leading AI Companies Get Lousy Grades on Safety | A new report from the Future of Life Institute gave mostly Ds and Fs,Artificial Intelligence
"Mexico is using an AI-powered app to prevent suicides by detecting small changes in behavior patterns, contributing to a 9% decrease in suicides",Society
"Critical WordPress plugin vulnerability under active exploit threatens thousands | Vulnerability with severity rating of 9.8 out of possible 10 still live on &gt;8,000 sites.",Security
"Unidentified drones spotted over US air base in Germany, report says ",Security
TSMC says first advanced U.S. chip fab 'dang near back' on schedule. Here’s an inside look,Hardware
"We saw a demo of the new AI system powering Anduril’s vision for war • We’re living through the first drone wars, but AI is poised to change the future of warfare even more drastically.
",Artificial Intelligence
"China’s sci-fi spherical Death Star-like robot cop uses AI, facial recognition to track criminals",Robotics/Automation
Training machines to mimic humans,Artificial Intelligence
Turkey fines Google $75 million for violating competition law.,Business
"For kids with rare genetic disorders, customized CRISPR treatments offer hope",Biotechnology
The Government’s Disturbing Rationale for Banning TikTok. Vague national-security concerns don’t justify shutting down the popular Chinese-owned app.,Social Media
"Fish-Inspired Sensor ""Touches"" Using Electric Fields",Biotechnology
AI Agents with More Autonomy Than Chatbots Are Coming. Some Safety Experts Are Worried,Artificial Intelligence
Trump transition wants to scrap crash reporting requirement opposed by Tesla,Transportation
Two nanometre CMOS technology ,Nanotech/Materials
"Generating power with a thin, flexible thermoelectric film | Device could be integrated into clothing, harvest body heat to power gadgets.",Nanotech/Materials
The Witcher 4 trailer debuts: rendered on Nvidia RTX 5000-series GPU and Unreal Engine 5 | This was a surprise,Hardware
The strange logic behind NYC’s push to force license plates on electric bicycles,Society
TSMC Lifts the Curtain on Nanosheet Transistors,Hardware
"Quantum entanglement, not oil or coal, powers new kind of engine",Energy
Discovery of New Cyclic Lipodepsipeptide Orfamide N via Partnership with Middle School Students from the Boys and Girls Club ,Biotechnology
"Are Those Drones Over New Jersey? Despite Sightings, U.S. Is Skeptical — Drones have been reported in at least 10 counties of the state. But a White House spokesman suggested many of them were actually manned aircraft.",Robotics/Automation
Google and Samsung VR and AR glasses announced ,Artificial Intelligence
Microsoft quietly axes Skype credit and phone number sales to push subscriptions,Software
ACLU condemns police use of AI to draft reports,Artificial Intelligence
Intel Arc B580 review: The new $249 GPU champion has arrived,Hardware
Sundar Pichai and Jeff Bezos head to Mar-a-Lago to schmooze with Trump,Politics
Reddit is removing links to Luigi Mangione's manifesto — The company says it’s enforcing a long-running policy,Social Media
Intel Executives Say A Manufacturing Spinoff Is Possible,Hardware
AI enters Congress: Sexually explicit deepfakes target women lawmakers,Artificial Intelligence
"TikTok's Price? A Record $300 Billion, One Analyst Says",Social Media
Harvard Makes 1 Million Books Available to Train AI Models,Artificial Intelligence
‘Unprecedented risk’ to life on Earth: Scientists call for halt on ‘mirror life’ microbe research | Science,Biotechnology
Jared Isaacman on U.S. space competitiveness: ‘We can’t be second’,Space
"Synthetic biology experts outline a path to engineering 'mirror life,' highlight grave risks, and urge it never be done",Biotechnology
Were your call records stolen? AT&amp;T and Verizon probably won’t tell you.,Privacy
WGA Calls on Studios to Take 'Immediate Legal Action' on AI Companies Using Subtitles to Train Their Models,Artificial Intelligence
FCC throws open 6 GHz band to unlicensed low-power gizmos,Networking/Telecom
"Microsoft Recall screenshots credit cards and Social Security numbers, even with the ""sensitive information"" filter enabled",Software
Klarna stopped all hiring a year ago to replace workers with AI,Artificial Intelligence
A controversial plan to refreeze the Arctic is seeing promising results. But scientists warn of big risks,Biotechnology
Misinformation spread differently than most content on Facebook during the 2020 election,Social Media
Epic’s dream is starting to come true — its store will be preinstalled on ‘millions’ of Android phones,Business
It sure looks like OpenAI trained Sora on game content — and legal experts say that could be a problem,Artificial Intelligence
"No, Microsoft Won’t Let You Install Windows 11 on Unsupported PCs",Business
Australia demands big social platforms pay local news publishers,Politics
Major Leak: Millions of Americans at Risk This Holiday Season,Security
"In an odd bit of propaganda, Belarus claims to have its own Starlink technology",Politics
"YouTube TV Price To Rise $10 A Month, Reaching $82.99",Business
NASA video shows its next Martian helicopter soaring over Mars,Space
Beware Job Offers Via Text as FTC Says 'Task Scams' Are Skyrocketing,Security
"Google Unveils Mixed-Reality Headset With Samsung, Taking on Apple and Meta",Hardware
Facebook's Global Ad Revenue Poised To Top $100B In 2024: Report ,Social Media
YouTube “Enhances” Comment Section With AI-Generated Nonsense,Social Media
"Google announces Android XR, a new OS for headsets and smart glasses",Software
You can now use AirTags to expedite a lost luggage reunion through United’s mobile app,Software
Mark Zuckerberg’s Meta Donates $1 Million to Trump’s Inaugural Fund (Wall Street Journal),Politics
Palmer Luckey’s defense tech company will make next-gen military aircraft with Archer | A hybrid vertical takeoff and landing aircraft,Business
"Hands on with Project Astra, Google's see-all assistant",Artificial Intelligence
Trump’s Pick for FTC Chair is Ready to Undo the Good Things From Lina Khan,Politics
"YouTube TV Hikes Price $10 to $82.99
",Business
Homeland Security shares new details of mysterious drone flights over New Jersey,Politics
BeReal accused of annoying users into sharing their data,Privacy
IBM Boasts Industry-Leading Photonics to Cut AI Training Speed,Hardware
Trump May Split Up America's Cyber Agencies,Politics
US solar industry downplays climate in strategy for Trump era,Energy
Microsoft gives Alt+Space shortcut over to Copilot,Hardware
Russia takes unusual route to hack Starlink-connected devices in Ukraine,Security
Report: Google told FTC Microsoft’s OpenAI deal is killing AI competition,Business
"US firm beats Microsoft, Harvard with 50 entangled logical qubits in quantum computer | Records are tumbling in months as companies race to build fault tolerant quantum computers.",Machine Learning
Nvidia Denies Rumors It Will Cut Supplies To China,Hardware
Conspiracy theories overwhelm Reserve Bank submissions,Society
"Firefox, one of the first “Do Not Track” supporters, no longer offers it",Privacy
Japanese publisher Kadokawa paid $3 million to Russia-linked hacker group after cyberattack,Business
"US to cap countries’ advanced chip access, with China in sights: sources",Politics
Greece to Introduce Social Media Restrictions for Young Users,Social Media
Google claims its new Willow quantum chip can swiftly solve a problem that would take a standard supercomputer 10 septillion years.,Hardware
"U.S. online gambling losses to surpass $1 trillion by 2028, group says ",Business
Mozilla removing Do Not Track option from Firefox 135,Security
"Pentagon says mystery drones over New Jersey are 'not US military,' not likely foreign | TechCrunch",Robotics/Automation
Crypto’s Legacy Is Finally Clear,Crypto
FBI says it has no answers for drones seen over New Jersey,Robotics/Automation
Encryption is non-negotiable: open letter to EU to not undermine privacy.,Security
"Apple reveals new AI chip building partner, and it isn't Amazon",Artificial Intelligence
Chatbot 'encouraged teen to kill parents over screen time limit',Artificial Intelligence
"Meta donates $1 million to Trump’s inaugural fund in latest step to mend relationship
",Social Media
"Meta, TikTok and Google to be forced to pay for Australian news",Social Media
Blocking Chinese spies from intercepting calls? Sen. Wyden blasts FCC's 'failure' amid Salt Typhoon hacks,Privacy
"Fujitsu flaunts massive 144-core Monaka Arm chip — 2nm and 5nm chiplets, 3D-stacked CPU cores over memory",Hardware
In GPU We Antitrust,Politics
Tech billionaires prepare to invade the Pentagon,Politics
World-1st tubular 'mini intestine' crafted by Japan researchers from human iPS cells  ,Biotechnology
"Mysterious SUV-sized drones may have blocked medical helicopter | Locals and police continue to report unidentified aerial vehicles across Pennsylvania, New Jersey, and New York.",Robotics/Automation
OnlyFans Models Are Using AI Impersonators to Keep Up With Their DMs,Artificial Intelligence
"Pentagon announces new AI office as it looks to deploy autonomous weapons
",Security
From X to Bluesky: why are people fleeing Elon Musk’s ‘digital town square’?,Social Media
Companies try to stop online support for CEO killer suspect,Social Media
"GM is giving up on Cruise robotaxis, pivots to personal autonomous vehicles",Transportation
Open source maintainers are drowning in junk bug reports written by AI,Artificial Intelligence
TCL TVs will use films made with generative AI to push targeted ads,Artificial Intelligence
Two Teens Indicted for Creating Hundreds of Deepfake Porn Images of Classmates,ADBLOCK WARNING
It sure looks like OpenAI trained Sora on game content — and legal experts say that could be a problem ,Artificial Intelligence
"Incoming FTC Chair: I will stop investigations that I falsely claim are politically motivated, and launch my own politically motivated investigations",Politics
"Microsoft now allows Windows 11 installations on unsupported hardware, devices.",Software
Supreme Court Dismisses NVIDIA’s Securities Fraud Appeal,Hardware
"LG stops making Blu-ray players, marking the end of an era — limited units remain while inventory lasts | Digital streaming is displacing the last remnants of physical media.",Hardware
72pc accounts spreading anti-Bangladesh misinformation located in India: Rumor Scanner ,Society
How the AI Boom Threatens to Short-Circuit Climate Action,Artificial Intelligence
"Facebook, Instagram, and Threads are down - The Verge",Social Media
Microsoft starts testing iPhone file sharing for Windows PCs,Business
"""Become Anyone 2.0"" is an LED display face-changing mask that lives up to its name.",Hardware
"With promising early data in triple negative breast cancer, a new bispecific heats up",Biotechnology
"Instagram, Facebook, WhatsApp, and Threads are currently down in major Meta outage",Social Media
"Watch Chinese security robot with wheels for feet scramble down hills and perform acrobatics - With wheels and a choice of two legs or four, the DEEP Robotics Lynx is capable of traversing tough terrain",Robotics/Automation
Designer Babies Are Teenagers Now—and Some of Them Need Therapy Because of It,Society
Hong Kong police consider using drones for patrols as rules are reviewed,Robotics/Automation
Google releases the first of its Gemini 2.0 AI models,Artificial Intelligence
Google unveils Project Mariner: AI agents to use the web for you | TechCrunch,Software
Microsoft gives Alt+Space shortcut over to Copilot,Software
"Intel Arc B580 Battlemage GPU OpenCL/Vulkan Performance Leaks Out, 9% To 30% Faster Than A580",Hardware
Steam has just beaten its concurrent players record once again with a whopping 39.2 million at one time | And there are a few big launches to thank.,Software
TikTok Offers Cash to Users to Recruit Friends Ahead of US Ban,Social Media
"Russia Tests Cutting Off Access to Global Web, and VPNs Can't Get Around It",Networking/Telecom
"QuantumScape Releases Next-Generation Solid-State Battery Separator Equipment, Cobra",Energy
The AI revolution is running out of data. What can researchers do?,Artificial Intelligence
Wyden proposes bill to secure US telecoms after Salt Typhoon hacks,Politics
LinkedIn wants to have its TikTok era,Social Media
The Operators Behind Four Major Neo-Nazi X Accounts,Society
"Amazon starts selling Hyundai cars, more brands next year | Amazon Autos has gone live in 48 US cities",Business
Russia teams up with BRICS to create AI alliance,Machine Learning
iPhone update brings controversial AI features that let you make pictures of friends,Artificial Intelligence
"Intel should have focused on AI rather than chipmaking, TSMC founder says ",Business
Krispy Kreme is latest to report a cyberattack that’s hampering its business,Security
YouTube Says Viewers Streamed Over 1 Billion Hours Daily From Their Living Rooms in 2024,Social Media
"Indian police demand Starlink reveal buyer of device found in $4.2 billion drug bust | Smugglers were caught with 13,227 pounds of meth",Society
"B.C. lawsuit claims Electronic Arts video game ""loot boxes"" are deceptive",Business
Popular Science declares Vision Pro to be gadget of the year,Hardware
"In a not-so-subtle signal to regulators, Blue Origin says New Glenn is ready",Space
"Spying on Student Devices, Schools Aim to Intercept Self-Harm Before It Happens
New technology alerts schools when students type words related to suicide.",Artificial Intelligence
WP Engine wins preliminary injunction in WordPress legal battle | The judgement temporarily forces Automattic to restore WPEngine's access to Wordpress.org.,Business
Apple launches its ChatGPT integration with Siri,Artificial Intelligence
Startup will brick $800 emotional support robot for kids without refunds | Embodied says it will try to refund recent purchases but makes no promises.,Business
Spotify's Car Thing Accessory is Officially Dead,Hardware
"PeerTube, the Open-Source YouTube, Now Has Mobile Apps",Software
YouTube can now automatically dub your videos,Social Media
Philippines constructing $3bn ‘world’s largest’ integrated solar/battery facility,Energy
"The blame game between governments, banks and tech companies over who foots the bill for cyber scams",Security
"China’s ‘explosive’ ironmaking breakthrough achieves 3,600-fold productivity boost",Nanotech/Materials
Google says its new quantum chip indicates that multiple universes exist,Hardware
Tesla lobbied UK to strengthen rules on carbon emissions from cars and lorries | Tesla,Business
"WordPress parent company must stop blocking WP Engine, judge rules",Business
"Google asks FTC to break up Microsoft's cloud deal with OpenAI, the Information says",Artificial Intelligence
Valve is now selling refurbished Steam Deck OLEDs starting at $439,Hardware
JR East to launch scan-free ticket gates for app users within 10 yrs,Transportation
A Bionic Leg Controlled by the Brain ,Hardware
Cruise employees ‘blindsided’ by GM’s plan to end robotaxi program,Business
Judge rejects sale of Alex Jones' Infowars to The Onion in dispute over bankruptcy auction,Business
Nvidia Is Now Too Powerful For Beijing To Constrain,Hardware
To Fab Or Not To Fab Is The $7B Question For Intel,Hardware
"It's not yet official, but this is the world's smallest arcade machine. Guess what game it plays?",Hardware
"Video is AI’s new frontier – and it is so persuasive, we should all be worried | I tried Sora, OpenAI’s new tool, and it just left me sad. Are we ready for a world in which we can never tell what is real?",Artificial Intelligence
Paul McCartney warns AI ‘could take over’ as UK debates copyright laws,Artificial Intelligence
What should we do if AI becomes conscious? These scientists say it’s time for a plan | Researchers call on technology companies to test their systems for consciousness and create AI welfare policies.,Artificial Intelligence
NASA says moon mission is further delayed but hopes to land astronauts before China,Space
G.M. Will Stop Developing Self-Driving Taxis,Transportation
Location data firm helps police find out when suspects visited their doctor,Privacy
"‘My name is Taqqiq, I can read text’: Microsoft Translator adds Inuktitut text-to-speech",Software
"Proposed merger of Kroger and Albertsons is halted by federal, state judges",Business
"WordPress must stop blocking WP Engine, judge rules",Business
Salt Typhoon recorded 'very senior' US officials' calls,Security
US military grounds entire Osprey tiltrotor fleet,Transportation
Telegram’s cyber attack against Ukraine has been hidden in plain sight,Society
Social Media Is a Growing Vehicle for Climate Misinformation.,Society
Suspect in CEO’s killing had discussed his health struggles on Reddit,Social Media
"Over $6 billion in CHIPS Act funding finalized for Micron plants in the US | The US Commerce Department says Micron’s Idaho and New York plants will create around 20,000 jobs.",Business
GM halts funding of robotaxi development by Cruise,Business
"Boeing cancels its workplace surveillance program, will be ‘removing the sensors that have been installed’ — less than a day after The Seattle Times requested comment about leaked information",Business
Astronomers discover one of the fastest-spinning stars in the universe,Space
ChatGPT caught lying to developers: New AI model tries to save itself from being replaced and shut down,Artificial Intelligence
Apple’s Next Ultra Smartwatch Will Be Able to Send Texts Via Satellite,Business
"Mozilla Firefox removes ""Do Not Track"" Feature support: Here's what it means for your Privacy",Privacy
FTC refunding $72 million to Fortnite players over ‘unwanted’ purchases | Players are getting money back for Fortnite skins that the FTC claims players were pressured into buying,Politics
"Just to cap off Intel's annus horribilis, Time picks AMD's Dr Lisa Su as its CEO of the year | Definitely a better choice than last year's pick, that's for sure.",Business
Open source maintainers are drowning in junk bug reports written by AI - Python security developer-in-residence decries use of bots that 'cannot understand code',Artificial Intelligence
Nvidia Forges Deals In American Southwest And Southeastern Asia,Hardware
Surrey announces world's first AI model for near-instant image creation on consumer-grade hardware,Artificial Intelligence
Trump's DOJ secretly obtained phone and text message logs of 43 congressional staffers and 2 members of Congress,Politics
Why Google's legal troubles could hasten Firefox's slide into irrelevance,Software
California Police Use AI to Transcribe Body Cam Videos,Artificial Intelligence
"Microsoft 365 outage takes down Office web apps, admin center",Software
Game publishers are refusing to commit to release dates for fear of clashing with GTA 6 | Probably a good idea,Business
Is this Switch 2? Accessory maker pulls trailer showing blurry mockup of Nintendo's next console design,Business
Reddit debuts AI-powered discussion search—but will users like it?,Social Media
Google claims quantum computing milestone — but the tech can't solve real-world problems yet,Hardware
Google invests in Intersect Power in over $800 million funding round amid AI race,Artificial Intelligence
"Chatbots urged teen to self-harm, suggested murdering parents, lawsuit says",Artificial Intelligence
"Rheinmetall, Auterion to Develop Standardized Software for Military Drones
",Security
Researchers design new shape-changing device for visually impaired,Biotechnology
Former Intel CEO Pat Gelsinger calls for prayer and fasting for employees,Hardware
A mischievous Yakuza / Like a Dragon fan has tricked Google Maps into including the video game series' iconic Millennium Tower Rooftop as a tourist attraction in its real world Tokyo map,Society
A phone company developed an AI 'granny' to beat scammers at their own game,Machine Learning
EU cybersecurity rules for smart devices enter into force ,Security
Microsoft Unveils Zero-Water Data Centers to Reduce AI Climate Impact,Society
"Apple hit with $1.2B lawsuit after killing controversial CSAM-detecting tool. Apple knowingly ignoring child porn is a ""never-ending nightmare,"" lawsuit says.",Business
Microsoft U-turns on Windows 11 TPM requirement days after doubling down,Security
"China’s ironmaking breakthrough achieves 3,600-fold productivity boost",Energy
Dodge maker Stellantis and China's CATL team up to build $4.3 billion EV battery plant in Spain,Business
US finalizes more than $6.1 billion chips subsidy for Micron Technology,Business
"Alarming amount of Texas Instrument chips found in Russian-based weapons in Ukraine — Russian military using third parties to purchase U.S-made chips | The U.S., and Texas Instruments, are struggling to crack down on slippery Russian-bound shipments.",Hardware
"SAP says GenAI will help solve legacy migration skills shortage - As 2027 support deadline looms, German vendor puts faith in on-trend tech to help SIs do more with less",Software
"How Russia-backed influencers meddled in Romania’s vote — Presidential election annulled after ‘illegal’ social media campaign deploys 100 paid influencers with 8 million followers on TikTok, Meta platforms",Social Media
Interview: Why diamonds may be a computer's best friend,Nanotech/Materials
China’s chip making shows progress with new EUV patent despite US sanctions,Politics
Nvidia shares slide after China launches probe of suspected anti-monopoly violations,Business
What is a ghost gun and are they legal? | Brian Thompson shooting,Security
"China targets Nvidia with antitrust probe, escalates US chip tensions ",Hardware
AI robot companions for kids go dark as company shutters.,Robotics/Automation
Google steps in after McDonald's gets ‘review bombed’ over arrest in UnitedHealth CEO's murder,Social Media
The Age of Chiplets is Upon Us - EE Times,Hardware
Why thermal batteries could replace lithium-ion batteries for energy storage,Energy
Nunavut creates Inuktitut text-to-speech model with Microsoft’s help,Software
"Israeli wave energy project draws interest from Qatar, Saudi Arabia and even Iran",Energy
"Cable ISPs compare data caps to food menus: Don’t make us offer unlimited soup | Data plans compared to a ""tasting menu, a buffet, or unlimited soup and salad.""",Networking/Telecom
X helps negotiate updated text for Kids Online Safety Act,Politics
Spotify has disabled Car Thing streaming devices,Software
Tesla sued by deceased driver’s family over 'fraudulent misrepresentation' of Autopilot safety,Robotics/Automation
Reddit tests a conversational AI search tool | TechCrunch,Social Media
It's time to rethink smartphone design,Nanotech/Materials
Quantum Computers Cross Critical Error Threshold | Quanta Magazine,Hardware
Reddit introduces AI-powered 'Reddit Answers' search feature,Social Media
3D-printed ‘ghost gun’ discovered on suspect in connection to Brian Thompson assassination,Society
Ransomware attack hits leading heart surgery device maker,Security
AI slop is already invading Oregon’s local journalism,Artificial Intelligence
Google unveils 'mind-boggling' quantum computing chip,Hardware
How Chinese insiders are stealing data scooped up by President Xi's national surveillance system,Privacy
"Meta launches open source Llama 3.3, shrinking powerful bigger model into smaller size",Artificial Intelligence
"As TikTok files emergency motion to stop US ban, brands &amp; creators are eyeing the door — Instagram Reels and YouTube Shorts poise to capitalise on migration",Business
Linux Preps For Kunpeng ARM Server SoC With High Bandwidth Memory,Hardware
FTC distributes $72M to Fortnite customers tricked into making unwanted purchases ,Business
"New KOSA, Same As Old KOSA, But Now With Elon’s Ignorant Endorsement",Politics
Google unveils ‘mindboggling’ quantum computing chip,Hardware
"Microsoft now allowing Windows 11 on older, incompatible PCs",Hardware
Google’s quantum chip solves ‘impossible’ problems in five minutes,Hardware
A Software Engineer is Mapping License Plate Readers Nationwide: ‘I don’t like being tracked’,Privacy
Oceanographers record the largest predation event ever observed in the ocean,Biotechnology
TikTok files emergency injunction in latest bid to stall US ban,Social Media
Google says its new quantum chip is way faster than the world's most powerful supercomputer,Hardware
Largest AI data centre in the world to be built in northwest Alberta,Artificial Intelligence
"Marco Grossi, the man behind the success of iLovePDF | The company that cuts, pastes, compresses and solves everything in the universe of this document format was the brainchild of a design student from Barcelona. Today it employs 43 people and its website is one of the 50 most visited in the world",Business
OpenAI's Sora video generation AI model arrives globally later today,Artificial Intelligence
China opens an antitrust investigation into Nvidia - The Verge,Business
AI Will Turn Our Lives into The Truman Show,Artificial Intelligence
"The creator of ChatGPT's voice wants to build the tech from 'Her,' minus the dystopia",Artificial Intelligence
‘A truly remarkable breakthrough’: Google’s new quantum chip achieves accuracy milestone,Hardware
"Sick Americans say they’re turning to TikTok’s creator rewards program to crowdfund medical bills - As public outrage grows over the U.S. healthcare system, some social media creators say they’re using TikTok payouts of $1 per 1,000 views to raise money for treatment costs.",Social Media
"Mercedes is working on ""solar paint"" that could drastically reduce the need for charging",Transportation
Google says it has cracked a quantum computing challenge with new chip,Hardware
TikTok asks court to pause law that could shut down app in U.S. next month,Social Media
Nvidia stock tumbles on news of China investigation: Is the AI chip giant in trouble?,Hardware
Nvidia Facing China Antitrust Investigation,Politics
Latest James Webb data hints at new physics in Universe’s expansion | These latest findings further support the Hubble Space Telescope's prior expansion rate measurements.,Space
Ukraine Weighs Telegram Security Risks Amid War With Russia,Society
NATO plans to deploy sea drones to monitor and protect undersea cables — Admiral expects drone fleet patrols to begin from June 2025 ,Robotics/Automation
Apple’s iPhone Hit By FBI Warning And Lawsuit Before iOS 18.2 Release,ADBLOCK WARNING
Reddit begins testing AI-powered answers feature to win more users,Artificial Intelligence
Russia’s Military Found A Surprisingly Simple Way To Buy US Chips,Hardware
"Scientists discover new way to make fuel from water and sunlight, but more work is needed",Energy
Biden Launched A US Chipmaking Boom. The Jobs Boost Will Come Under Trump.,Politics
"We can't make this stuff up: tech companies Palantir and Anduril form fellowship for AI adventures - Meanwhile, Sauron secures funding. Really.",Business
Covert Facebook Network Found to Be Targeting Romanian Voters,Social Media
Chinese Carmakers Are Taking Mexico by Storm While Eyeing U.S.,Transportation
How Peter Thiel’s network of right-wing techies is infiltrating Donald Trump’s White House,Politics
China Targets Nvidia For Potential Breaches of Anti-Monopoly Law ,Business
Covert Facebook Network Found to Be Targeting Romanian Voters,Society
US says Chinese hackers are still lurking in American phone networks,Security
Diamonds can now be created from scratch in the lab in 15 minutes,Nanotech/Materials
Google CEO: AI development is finally slowing down—‘the low-hanging fruit is gone’,Artificial Intelligence
Apple sued for failing to implement tools that would detect CSAM in iCloud,Business
Kyndryl's consulting business may be less than it seems,Business
"Badass Russian techie outsmarts FSB, flees Putinland all while being tracked with spyware",Privacy
UCLA offers comp lit course developed by AI ,Artificial Intelligence
